tweet,sentiment
@united UA5396 can wait for me. I'm on the ground trying to get to the gate after we were moved to B. This is crap.,0
I hate Time Warner! Soooo wish I had Vios. Cant watch the fricken Mets game w/o buffering. I feel like im watching free internet porn.,0
"@united Oh, we are sure it's not planned, but it occurs absolutely consistently, it's usually the only YYJ flight that's Cancelled Flightled daily.",0
Tom Shanahan's latest column on SDSU and its NCAA Baseball Regional appearance: http://ow.ly/axhu,2
Found the self driving car!! /IWo3QSvdu2,2
@united arrived in YYZ to take our flight to Taiwan. Reservation missing our ticket numbers. Slow agent Sukhdeep caused us to miss our flt.,0
Driverless cars ? What's the point ?,0
how can you not love Obama? he makes jokes about himself.,4
Safeway is very rock n roll tonight,4
RT @jquery: The Ultimate jQuery List - http://jquerylist.com/,2
I saw Night at the Museum: Battle of the Swithsonian today. It was okay. Your typical [kids] Ben Stiller movie.,2
History exam studying ugh,0
 Missed this. each is 'newer generation'. I'd start w allegra then go claritin then zyrtec. I don't envy you!,2
is being fucked by time warner cable. didnt know modems could explode. and Susan Boyle sucks too!,0
I hope the girl at work  buys my Kindle2,2
@aparajuli good luck to you ,4
needs someone to explain lambda calculus to him! :(,0
@unnitallman yeah looks like that only! &quot;busy&quot; is fucking me so yeah.. its my &quot;GF&quot; ,0
Loves twitter,4
@Mbjthegreat i really dont want AT&amp;T phone service..they suck when it comes to having a signal,0
@united Thank you Margo at Houston's Bush Intercontinental for getting me home earlier.,4
I donâ€™t want either! RT @clayhebert: We might get pilotless planes before driverless cars - http://t.co/y4YOxaqI,0
"Super cool: ""@google: The next stop on the road to a self-driving car http://t.co/x4rem8zeKy http://t.co/UPdUUaTTb6""",4
@ontheMAPP DITTO! not as good as the Nirvana Sandwiches ,4
waiting in line at safeway.,2
"OMG, I would have died!!! actually no, I take that back...I keep an updated version on my X:drive so it's all good ",4
There's a google self-driving car parked next to me. Shall I ask for a ride?,2
Aw fuck - this night ended badly ,0
#MBA Admissions Tips Stanford GSB Deadlines and Essay Topics 2009-2010 http://tinyurl.com/pet4fd,2
Ok so lots of buzz from IO2009 but how lucky are they - a Free G2!! http://is.gd/Hyzl,4
am loving new malcolm gladwell book - outliers,4
"Goodby, Silverstein's new site... http://www.goodbysilverstein.com/ I enjoy it.",4
12 Gift Ideas For The Apple Lover Who Has Everything /0RTcyLOsAD  #technology,2
So the #Coachella2015 diet begins /Pm0vK2fBG5,2
New blog post: Harvard Versus Stanford - Who Wins? http://bit.ly/MCoCo,2
got a new pair of nike shoes. pics up later,2
 Hey any chance you have an update on Flight 99 Hartford to D.C.?,2
Learning jQuery 1.3 Book Review - http://cfbloggers.org/?c=30629,2
@kirstiealley my dentist is great but she's expensive...=(,0
whoever is running time warner needs to be repeatedly raped by a rhino so they understand the consequences of putting out shitty cable svcs,0
loves chocolate milk  and that is GF YEAH..,4
@DonnieWahlberg I can tell u have spoken. FB &amp; Twitter are on Fire right now!!  Hope ur feelin better love.  have a great night...,4
"Three China aerospace giants develop Tianjin Binhai  New Area,  22.9 B yuan invested   http://bit.ly/mMiDv",2
"Ok, first assesment of the #kindle2 ...it fucking rocks!!!",4
@BittenbyBooks Oh good!  I'm glad you're feeling better!   I've been really good!  It'll be a crazy week though... In a good way! ,4
heyy loves!! just finished my record in the studio!! going to kick it with lauren c.!!  byee!! &lt;3,4
@united well it IS John Hughes' birthday. But I will stick w the plane &amp; hold off on trains &amp; automobiles. Gate workers are doing well.,4
Apples not even barely doing anything a couple features here and there google has got self driving car Google glass google tango project ara,2
I loved today ,4
"RT @WaterSISWEB: CA Merced's water bottled by Safeway, resold at a profit: Wells are drying up across the county http://tinyurl.com/mb573s",2
"  we don't have much data on IND balls, but likely started at higher PSI / lower tmp than pats balls. #DeflateGate",2
fucking faggots @apple,0
Fine-tuning part of a song Maddy and I r making.  Sounding good. I feel pro. Not. Hahaha,4
@amp451 good night  sweet dreamz,4
@SophieVeronica today was rad. we made it into the finals for cross country YAY. love you sophie &lt;3 (L) ps everythins cool with my mates ,4
 now I'm happy ,4
"@amazingphoebe mmh, you are stupid sometimes, but not as much as me, for i am the stupid, fucked up, retarded one in our relationship ",0
 they do its called Google car,2
"Night at the Museum, Wolverine and junk food - perfect monday!",4
playing with cURL and the Twitter API,2
"I say we just cut out the small talk: AT&amp;T's new slogan: F__k you, give us your money. (Apologies to Bob Geldof.)",0
"@united your SFO-YYJ fight is Cancelled Flightled several times each week, why even bother?",0
@the_real_usher LeBron is cool.  I like his personality...he has good character.,4
fucking Google car in hiawatha!,0
First dentist appointment [in years] on Wednesday possibly.,2
"this hockey band look like mgmt+3, but fucking hell they're good. sabrepulse come back too ",0
"........*sigh* long distance i fucking hate it.  but on the brighter side,random ass road trip to famu today.then fort valley monday! oboy",0
Back when I worked for Nike we had one fav word : JUST DO IT! :),4
just landed at San Francisco,2
Ugh studying today. I need a study place/study buddy! Anyone into it?! Its also lovely out   fuck the leaving cert.,0
Just got my new toy. Canon 50D. Love love love it!,4
: #DeflateGate #Ballghazi #BallGate All Tom Brady and Belichick have to do is say they are long time democrats and base …,2
"UP! was sold out, so i'm seeing Night At The Museum 2. I'm __ years old.",2
 Hi guys checking in US/AA 639 JFK PHX and renewed Admirals Club today.,2
"I can't watch TV without a Tivo.  And after all these years, the Time/Warner DVR  STILL sucks. http://www.davehitt.com/march03/twdvr.html",0
so tired. i didn't sleep well at all last night.,0
Google has a self driving car!!!! Awesome,4
could time-warner cable suck more?  NO.,0
Missed this insight-filled May column: One smart guy looking closely at why he's impressed with Kindle2 http://bit.ly/i0peY @wroush,2
"um, can i have it tmrrw? â€œ@engadget: Would you buy a self-driving car powered by @Google?"" http://t.co/Dk0YZSeaXK http://t.co/2pkm4y61z6â€",4
@seanjs I'd like to own a completely redesigned self-driving car with (among other things) the front seats reversed.,4
Going to see night at the museum 2 with tall boy,2
Prettiest insects EVER - Pink Katydids: http://bit.ly/2Upw2p,4
I've been sending e-mails like crazy today to my contacts...does anyone have a contact at Goodby SIlverstein...I'd love to speak to them,4
What's Buffet Doing? Warren Buffett Kicks Butt In Battle of the Boots: Posted By:Alex Crippe.. http://bit.ly/AUIzO,2
OMFG I'm never drinking again...I still have a fuckin sore throat ,0
â€œ@FacesPics: Google's new self-driving car http://t.co/qymxdTW1D9â€ I watched something on this earlier HOLY CRAP,4
@united 1.75 hour delay.  Nothing says sorry like a voucher.  Missing time with family.  #family #precioustime,0
@ronjon we don't have Safeway.,2
@blackbarbie027 my entire college. They fucking lost my transcript now I can't attend in the Summer to catch up w/ my credits ,0
Is Eating and Watching Movies....,2
@poptopvw Cool arent they? I love them  Makes life so easy!,4
 thanks bae,2
 will you check the air pressure on  truck. I think his tires might need some air. #DeflateGate #GOBRONCOS #LSULSU,2
@united Thanks to supervisor Miriam who provided me with great customer service. #finally,4
I love my Kindle2. No more stacks of books to trip over on the way to the loo.,4
  I made a #DeflateGate Sad Einstein Brady for you: /Vh80XLd7az,2
@wmmarc great interview! Glad to see it ,4
Check this video out -- David After Dentist http://bit.ly/47aW2,2
"@united hey awesome!  Thanks for the reply, will be filling the form out! @AmericanAir",4
"@DonnieWahlberg Yessirrr! Don't give anyone that much power, do what makes you happy...that's why I'll be seeing you in da summah!! ",4
@apple U need to get ur fucking shit together and let me txt while on YouTube,0
"RT Look, Available !Amazon Kindle2 &amp; Kindle DX, Get it Here: http://short.to/87ub The Top Electronic Book Reader Period, free 2 day ship ...",2
How is an automated vehicle supposed to behave in an emergency? #AutoAuto,2
Time Warner Cable Pulls the Plug on 'The Girlfriend Experience' - (www.tinyurl.com/m595fk),2
Leavin for shauns. fuck grandparents get around slow. text me or tweet me. @Ariannagrace321 you stopped textin me ,0
We already have self driving cars on the road. They're just waiting for the ok by the government for the software to be activated.,2
My son disowned me over a PS3.that bites.going 2 dr 2moro u know ya fucked when u hope that find somethin fatal  life blows,0
@ruby_gem My primary debit card is Visa Electron.,2
â€œ: Toyota to reveal self driving car research at CES /V9VMgILBâ€,2
Time Warner cable is down again 3rd time since Memorial Day bummer!,0
"If Google's self-driving car is the future, I don't want to be a part of it. #savethemanuals",0
@Lucasbamf I'm so close to buying a new car.I had a near death experience in the car today with the train and fucked up ALL my wheel grip ,0
looks like summize has gone down. too many tweets from WWDC perhaps?,0
"@pjaficionado  Having fun, loving life, happy to be in the game. Everything else is a bonus. Not just BS either!",4
New post on my blog: Got new cases. :)    #slc #citycreek #apple #applestore #red #pr... /S4XRRXR8uq,2
Gawd! My laptop is fucked up now! System Error?! Just using my Lil brother's laptop. ,0
@united thankful for great service in Newark. Seats fixed and I was seated with my daughter! Fab landing in Fort Myers!,4
"I'm going to bed. It was a successful weekend. Stanford, here I come.",2
"@petewentz @petewentz fuck  I wish I was in Houston. Shawn Connery, Peirce bronson, timothy dalton, roger Moore. And that's all I know",0
Time warner is the devil. Worst possible time for the Internet to go out.,0
Watchin Espn..Jus seen this new Nike Commerical with a Puppet Lebron..sh*t was hilarious...LMAO!!!,4
city all day soo happy to be home. school in the morning ,4
again with the fucked sleep... ive decided to go do homework instead ,0
@foxnews Pelosi should stay in China and never come back.,0
Obama is quite a good comedian! check out his dinner speech on CNN :) very funny jokes.,4
top ten most watched on Viral-Video Chart.  Love the nike #mostvaluablepuppets campaign from Wieden &amp; Kennedy http://bit.ly/nR1n9,4
@springsingfiend @dvyers @sethdaggett @jlshack AT&amp;T dropped the ball and isn't supporting crap with the new iPhone 3.0... FAIL #att SUCKS!!!,0
Time Warner's HD line up is crap.,0
 and The from  Team to Offer In-#Flight Access to Journal ... - Nassau News Live /7E5bxwG16t,2
so sleepy. good times tonight though ,4
Great post by  on how public investors should think about investing in a world with self driving cars /FphlmnKtp7,2
@united 3866 is at a stand still! No pilot or paperwork for fix over 25mins! Problem was fixed 30mins ago. Flight is as is delayed!,0
"@lhawthorn What a coincidence! I was just stalking your Twitter feed and the GSoC news. ;) I'm doing great, thanks. How about you? ",4
"Driverless car slams into AZ home inches from sleeping kids: According to a police report, a truck smashed into a... http://t.co/8ibfetj9dS",0
"@sklososky Thanks so much!!! ...from one of your *very* happy Kindle2 winners ; ) I was so surprised, fabulous. Thank you! Best, Kathleen",4
Callin it a night! I always have the best sleep after a good workout!! ,4
@Dommm did comcast fail again??,0
@warp I love that Aussie cattle dog story ,4
"i srsly hate the stupid twitter API timeout thing, soooo annoying!!!!! :(",0
"@KnightOwl89 Sounds good,  I wish i could have done it but I'm determined to find them in the park. They better be in there!",4
"Self-driving cars hold 'great promise' for saving thousands of lives, says US government official http://t.co/adOyi8bF",4
Gonna go see Bobby Flay 2moro at Shoreline. Eat and drink. Gonna be good.,4
@jonduenas @robynlyn just got us a 50D for the office. :D,4
@united can I just go ahead and live in your premium cabins? I'm in heaven now en route to LHR,4
Should really check the air pressure in my tires more often. They were as bad as a New England #Patriots football. #DeflateGate,2
Fuck no internet damn time warner!,0
Beginning JavaScript and CSS Development with jQuery #javascript #css #jquery http://bit.ly/TO3e5,2
States take the wheel on #driverless cars /R6kp8ZKOyq via  #fb,2
"So google has a driver-less car? They can take the steering wheel away from my cold, dead hands before i buy one.",0
 sent,2
"I have a google addiction. Thank you for pointing that out, @annamartin123. Hahaha.",4
"...so i just ordered my copy of Hardcore Underground 3  love me, love me! Canary in skinny jeans going balls deep.",4
using Linux and loving it - so much nicer than windows... Looking forward to using the wysiwyg latex editor!,4
Time Warner Cable slogan: Where calling it a day at 2pm Happens.,0
@united Fantastic job by your people today on ua22 from Dublin. A jam packed plane but the crew was wonderful!!,4
Asthma fucking BLOWS  Can't wait till I finish up Asmanex treatments. Follow up (and hopefully final) apt w/ pulmonologist is this week.,0
"According to the create a school, Notre Dame will have 7 receivers in NCAA 10 at 84 or higher rating :) *sweet*",4
"is jammin to ATL, since they had a secret show in HTown and i fucking missed it.  FML.",0
" when I click that link it wants my flight info. I haven't booked a flight yet. I read you waive fees for military, it this true?",2
Watching Lebron highlights. Damn that niggas good,4
@ atebits I just finished watching your Stanford iPhone Class session. I really appreciate it. You Rock!,4
@broskiii OH SNAP YOU WORK AT AT&amp;T DON'T YOU,0
omg so bored &amp; my tattoooos are so itchy!!  help! aha =),0
Driverless cars are not worth the risk.  Don't want to be on the highway when the server crashes #SadMacFace #BlueScreenofDeath,0
"@khalid0456 No, Lebron is the best",4
My Dell Laptop's battery is fucked up! ,0
@DonnieWahlberg My kids get up and wish you a good morning  They don�t know what time it is in america ,4
My Kindle2 came and I LOVE it! :),4
Bloated as fuck. 1l choc milk will do that followed by 2 bagels with spinach and cheese. ,0
"As a die hard @Apple customer, I must say I am truly displeased with the customer service I was given today. #badservice #Apple",0
@petewentz @trohman @fuckcity omg i'm so so sorry guys  that's really sad. I hope you're safe now.,0
"@united thanks for the re-upgrade to 1st class. It may be a 45 min flight, but it is appreciated.",4
@united and they were traveling as guests of a mileage plus member using that members miles. Great customer service.,4
The baby from American Sniper was also under-inflated #DeflateGate,2
"What is this I am hearing about driverless cars coming out? Da fuck? Are people that lazy, that just seems dangerous as all hell.",0
"The #Kindle2 seems the best eReader, but will it work in the UK and where can I get one?",4
eating sashimi,2
"Automotive technology: Driver-less cars will reduce accidents, ease congestion.",4
@JessicaRayburn I accidentally stepped on my Power Strip off button and now my internets are fucked up DAMMIT ,0
@Pmillzz lebron IS THE BOSS,4
Lawson to head Newedge Hong Kong http://bit.ly/xLQSD #business #china,2
Just bought my tickets for the 2010 FIFA World Cup in South Africa. Its going to be a great summer. http://bit.ly/9GEZI,4
What the fuck is the point of a driverless car,0
need suggestions for a good IR filter for my canon 40D ... got some? pls DM,2
 I sent the message. Let me know ASAP.,2
"Hi there, does anyone have a great source for advice on viral marketing?... http://link.gs/YtZ8",2
Reading my kindle2...  Love it... Lee childs is good read.,4
"@Orli the G2 is amazing btw, a HUGE improvement over the G1",4
crazy day of school. there for 10 hours straiiight. about to watch the hills. @spencerpratt told me too! ha. happy birthday JB! ,4
"reading Michael Palin book, The Python Years...great book. I also recommend Warren Buffet &amp; Nelson Mandela's bio",4
The perks of driving around in the Bay area. A Google Self-Driving Car might show up next to you /iIkJNaZte7,2
Video of the first user of @Google 's self driving car (lost 95% of his vision - well past legally blind) http://t.co/wk6qeQIF #amazing,4
@heidimontag I think that it's going to be a good season ,4
just got back from the movies.  went to see the new night at the museum with rachel.  it was good,4
I've been in the car for 12 hours  No fucking joke we went to santa cruz for 30 mins then had to go. Hella ghey.,0
at safeway with dad,2
"RT @blknprecious1: RT GREAT @dbroos ""Someone's sitting in the shade today because someone planted a tree a long time ago.""- Warren Buffet",4
cant sleep... my tooth is aching.,0
Stanford University?s Facebook Profile is One of the Most Popular Official University Pages - http://tinyurl.com/p5b3fl,4
Having the old Coca-Cola guy on the GM board is stupid has heck! #tcot #ala,0
Jake's going to safeway!,2
@JonathanRKnight Glad to hear that you had such a great night! You rock &amp; I hope tonight is just the 1st of many feel good shows for you! ,4
"Driverless cars, medical chips, scan and buy through your phone. I need to get the fuck out of this country.",0
100% against  driverless car. #cbs,0
happy to spend time with the family. ,4
@united sorry to hear outsourcing plan. Boise is best staff/cust service in the country. #boise,4
@littleben2009 no way would I put my trust in a driverless car. That's were they would lose people.,0
WTF MY BATTERY WAS 31% ONE SECOND AGO AND NOW IS 29% WTF IS THIS @apple,0
We went to Stanford University today. Got a tour. Made me want to go back to college. It's also decided all of our kids will go there.,4
@ronashively Connections Academy has been great for our family...and thousands more across the country!  Happy to tell you more ,4
"NFL plz focus as intently on id-ing ""Who Let The Air Out"" of Patriots balls as in forcing SeaHawks #MarshawnLynch to talk.
#DeflateGate",2
Send us your GM/Chevy photos http://tinyurl.com/luzkpq,2
Damn you North Korea. http://bit.ly/KtMeQ,0
saw the new Night at the Museum and i loved it. Next is to go see UP in 3D,4
10 tips for healthy eating ? ResultsBy Fitness Blog :: Fitness ... http://bit.ly/62gFn,2
"LOVING my new Kindle2.  Named her Kendra in case u were wondering. The ""cookbook"" is THE tool cuz it tells u all the tricks!  Best gift EVR!",4
Lyx is cool.,4
"@psychemedia I really liked @kswedberg's ""Learning jQuery"" book. http://bit.ly/pg0lT is worth a look too",4
Cox or Time Warner?  Cox is cheaper and gets a B on dslreports.  TW is more expensive and gets a C.,0
"Here's A case study on how to use viral marketing to add over 10,000 people to your list http://snipr.com/i50oz",2
Since when did @apple stop replacing iPhone units due to defect? Just because I have some scratches on my phone doesn't mean I dropped it.,0
"""I deflate all the balls."" -   #DeflateGate",2
heyya im so borde my sound card is fucked so i cant listen to music  btw by that i mean mcr  lol,0
"wth..i have never seen a line this loooong at time warner before, ugh.",0
Google is developing a self driving car. That's fucking awesome.,4
i am furious with time warner and their phone promotions!,0
Ethics and nonprofits - http://bit.ly/qsXRp  #stanford #socialentrepreneurship,2
Google came out with a self driving car ðŸ˜±ðŸ˜±,2
@kyleconnecticut no fucking way. ,0
Oh my fucking god my stomach is growling ,0
@googleio http://twitpic.com/62shi - Yay! Happy place! Place place!  I love Google!,4
"I mean, I'm down with Notre Dame if I have to.  It's a good school, I'd be closer to Dan, I'd enjoy it.",4
Just got mcdonalds goddam those eggs make me sick. O yeah Laker up date go lakers. Not much of an update? Well it's true so suck it,0
@uscsports21 LeBron is a monsta and he is only 24. SMH The world ain't ready.,4
I have to go to Booz Allen Hamilton for a 2hr meeting :(  But then i get to go home :),0
"@levimorales glad you liked! That Henry Ford had a good idea every now and then, didn't he? ",4
@FastCoDesign I am so excited for this! Come on self-driving cars.,4
Bout to hit safeway I gotta eat,2
"@JonathanRKnight Hey Jon we all love ya and understand,that's all it counts  ",4
Taking Katie to see Night at the Museum.  (she picked it),2
"just got back from church, and I totally hate insects.",0
Son has me looking at cars online.  I hate car shopping.  Would rather go to the dentist!  Anyone with a good car at a good price to sell?,0
"At safeway on elkhorn, they move like they're dead!",0
@ Safeway. Place is a nightmare right now. Bumming.,0
Found NOTHING at Nike Factory :/ Off to Banana Republic Outlet! http://myloc.me/2zic,0
Off to the NIKE factory!!!,4
45 Pros You Should Be Following on Twitter - http://is.gd/sMbZ,2
"Higher physics exam tommorow, not lookin forward to it much :(",0
fucking ugh ,0
@morind45 Because the twitter api is slow and most client's aren't good.,0
Twitter Stock buzz: $AAPL $ES_F $SPY $SPX $PALM  (updated: 12:00 PM),2
Obama More Popular Than U.S. Among Arabs: Survey: President Barack Obama's popularity in leading Arab countries .. http://tinyurl.com/prlvqu,4
Just picked up my new Canon 50D...it's beautiful!!  Prepare for some seriously awesome photography!,4
@united space. Doctors' notes and everything. And on my first trip they lost my first suitcase. Among other issues- not pleased with #united,0
@united is officially my favorite airline. They have created magic for me all day!!! #friendlyskies #careyon,4
Self-Driving Car Test: Steve Mahan this is amazing. #Google http://t.co/DtYD3PF9ZG,4
@united Got me home amid snow &amp; Cancelled Flightlations; delivered bag w/o hassle; plus no wait on phone &amp; an upgrade. Thank you!,4
"@sekseemess no. I'm not itchy for now. Maybe later, lol.",0
"Nike SB Blazer High ""ACG"" Custom - Brad Douglas - http://timesurl.at/45a448",2
So cool! RT @wired: Score! California becomes second state (after Nevada) to legalize driverless cars: http://t.co/CC69aU9b,4
"Saw the Google Car again. Asked if I could drive. The driver showed me how the car can ""see"". Awesomeâ€¦ http://t.co/HTuaMykMsy",4
I'm not high anymore and some stinky guy with a mail order bride is pissing me the fuck off.. ,0
Saved money by opting for grocery store trip and stocking food in hotel room fridge vs. eating out every night while out of town.,2
Obama's speech was pretty awesome last night! http://bit.ly/IMXUM,4
I was talking to this guy last night and he was telling me that he is a die hard Spurs fan.  He also told me that he hates LeBron James.,0
@noarmsjames my lovely man is cooking me dinner and then we're going for a walk ,4
Could go for a lot of McDonalds. i mean A LOT.,4
"Warren Buffet became (for a time) the richest man in the United States, not by working but investing in 1 Big idea which lead to the fortune",4
just got a free G2 android at google i/o!!!,4
"#lebron best athlete of our generation, if not all time (basketball related) I don't want to get into inter-sport debates about   __1/2",4
going to see the new night at the museum  movie with my family oh boy a three year old in the movies fuin,2
"ten years ago today I was running around in shorts and a tee shirt in nice weather. 2009, it's fucking snowing and freezing cold ",0
LAKERS tonight let's go!!!!,4
Another good day  nitey nite everyone! First day of school tomorrow!!! Ahh I'm kinda nervous yet excited...til tomorrow!,4
Cardinals baseball advance to Super Regionals. Face CS-Fullerton Friday.,2
"@sportsguy33 Ummm, having some Time Warner problems?",0
: This was pretty funny thanks Dad #DeflateGate #GoPats /ppQC7hQ0UT,2
ok.. do nothing.. just thinking about 40D,2
Why is it that someday you look nearly good and the next day you look totally fucked up? Today is the next day ,0
"Oh, look. It's acutally one of the Google self driving cars on the freeway.   880 North /ExLJcptl",2
http://is.gd/ArUJ Good video from Google on using search options.,4
and I broke a fucking nail. ,0
@united -today the staff @ MSP took customer service to a new level. My father passed away last night &amp; you helped me get home today! Thanks,4
@YarnThing you will not regret going to see Star Trek. It was AWESOME!,4
How do you use the twitter API?... http://bit.ly/4VBhH,2
Eminem We Made You is GAWBAGE[/Rosci] !  Imma cop Asher Roth's album instead fuck em on his &quot;ass like that &quot; flow,0
", flights 1970, 1366, and 1552 will fly over after 1 am on your way into  - mind taking ocean approach so we can sleep?",2
lebron and zydrunas are such an awesome duo,4
Total believe it @mashable: Google's Driverless Car Is Now Safer Than the Average Driver - http://t.co/gF125DA3,4
is scrapbooking with Nic =D,4
@matthewcyan I finally got around to using jquery to make my bio collapse. Yay for slide animations.,4
OMG - time warner f'ed up my internet install - instead of today  its now NEXT saturday - another week w/o internet! &amp;$*ehfa^V9fhg[*# fml.,0
@united you guys have such big hearts.. keep up the good work,4
"Eating dinner. Meat, chips, and risotto.",2
i have fucking shin splints!!!! im in pain.....DRUGS PLEASE......i never realised they could be so painful ,0
The Times of India: The wonder that is India's election. http://bit.ly/p7u1H,4
iOS 8.1 has fucked my battery life on my iPhone 6. Really starting to wonder if @apple has any quality control anymore. Wish I was on 8.01,0
"Saw the  car just outside of Barnwell, #Alberta in #Taber ðŸ˜€ half hour east of #Lethbridge",2
US planning to resume the military tribunals at Guantanamo Bay... only this time those on trial will be AIG execs and Chrysler debt holders,0
@united thank you! 😊,4
@united is there a United gold number? I've been on hold 24 minutes and think I may be lost in nowhereland. Have a gold reservation. Help.,0
 add DTW and I'm sold!,2
@mattcutts have google profiles stopped showing up in searches? cant see them anymore,2
Arg. Twitter API is making me crazy.,0
Ask Programming: LaTeX or InDesign?: submitted by calcio1 [link] [1 comment] http://tinyurl.com/myfmf7,2
@BlondeBroad it's definitely under warranty &amp; my experience is the amazon support for kindle is great! had to contact them about my kindle2,4
insects have infected my spinach plant :(,0
ShaunWoo hate'n on AiG,0
These self driving cars are fucking amazing,4
itchy back!! dont ya hate it!,0
#GoogleIO | O3D - Bringing 3d graphics to the browser. Very nice tbh. Funfun.,4
@bluestreak23 @jasonandjodie Coming soon enough my friends - Big project in works for just that - Good new and only good news ,4
RT @mashable: Five Things Wolfram Alpha Does Better (And Vastly Different) Than Google - http://bit.ly/6nSnR,4
stupid autonomous car  if you can drive yourself you should be able to write a damn research paper on yourself too,0
I keep seeing a lot of people talk about seeing the Google maps car and I'm just like oh I've seen the Google self-driving car so ðŸ’ðŸš˜,2
@united thanks for not getting my BusinessFirst priority tagged bag onto my connecting flight at EWR despite a 2+ hour layover. Nice job,4
unbelievably excited about the google self-driving car,4
"I just realized we three monkeys in the white Obama.Biden,Pelosi . Sarah Palin 2012",0
@cwong08 I have a Kindle2 (&amp; Sony PRS-500). Like it! Physical device feels good. Font is nice. Pg turns are snappy enuf. UI a little klunky.,4
@robmalon Playing with Twitter API sounds fun.  May need to take a class or find a new friend who like to generate results with API code.,4
"@united cool, thanks.",4
Weird Piano Guitar House in China! http://u2s.me/72i8,2
I highly recommend Malcolm Gladwell's 'The Tipping Point.' My next audiobook will probably be one of his as well.,4
@stevemoakler i had a dentist appt this morning and had the same conversation!,2
I want that google car that drives itself,4
I got new pillows and They fucking pwn all pillows everywhere else. My only regret is that I cant use them for very long tonight. ,0
"well in that case, you know what i mean, hahaha i love a good...whatever role you decide to take on. ",4
 What confirmation number?,2
Boarding plane for San Francisco in 1 hour; 6 hr flight. Blech.,0
"@JonathanRKnight hmm you have a lot to say tonight! That's great!  Of course, here I am up late reading it. haha",4
Bill Simmons in conversation with Malcolm Gladwell http://bit.ly/j9o50,2
@united @parryaftab done thnx,4
"I think I may have a new favorite restaurant. On our way to see ""Night at the Museum 2"".",2
@jenniferdaniel: As someone who never learned how to drive I welcome our google car overlords.,4
@Iheartseverus we love you too and don't want you to die!!!!!!  Latex = the devil,0
"I can't wait, going to see star trek tonight!!",4
Driverless Cars: Now Street-Legal in California ... a good reason to leave CA... no one is behind the wheel http://t.co/1keEMOpH,0
Can we just go ahead and blow North Korea off the map already?,0
"After using LaTeX a lot, any other typeset mathematics just looks hideous.",4
"Today is a good day to dislike AT&amp;T. Vote out of office indeed, @danielpunkass",0
"The great Indian tamasha truly will unfold from May 16, the result day for Indian General Election.",4
"7 hours. 7 hours of inkscape crashing, normally solid as a rock. 7 hours of LaTeX complaining at the slightest thing. I can't take any more.",0
Driver less cars? Fuck that I don't want machines ruling the world FTW,0
We just saw a self driving Google car!! So awesome!,4
fucking bored ,0
"Thanks for share. Driverless cars won't make us thinner, healthier, happier â€œ@transitfok: Driverless cars and sprawl http://t.co/q6OI1IfwLhâ€",0
is annoyed that we aren't trusted because they have no idea how many plans that fucks up ,0
Took the Graduate Field Exam for Computer Science today.  Nothing makes you feel like more of an idiot than lambda calculus.,0
@kenburbary You'll love your Kindle2. I've had mine for a few months and never looked back. The new big one is huge! No need for remorse! :),4
@Jonathanrknight so good knight and sleep well.  I know I will now!! ,4
":   
If Starbucks shuts down, anon is decimated",2
"I just fucked up my already fucked ankle because some moron thought it was a good idea to freak me out, and I slipped on ice at my door. ",0
Imagine a world where 's self driving car merges with  and ? #itscoming #codecon,2
@united I guess. But what is the excuse for understaffed costumer services? 3 people had to deal with lots of angry passengers. Weather too?,0
Sadie hates the google car. ðŸ˜‚,0
â€œ: Di Caro uses the last question to ask about driverless cars. #Mocotranspoâ€ wild card question.,2
"Dick Cheney's dishonest speech about torture, terror, and Obama. -Fred Kaplan Slate. http://is.gd/DiHg",0
wow san diego is so beautiful. even more so now that we won  but whats a good game without a good fight(;,4
"@PDubyaD right!!! LOL we'll get there!! I have high expectations, Warren Buffet style.",4
"Riding in a driverless car is on my bucket list, this is so damn exciting. #Google http://t.co/dOuKZKacnU",4
has a date with bobby flay and gut fieri from food network,2
"House Correspondents dinner was last night whoopi, barbara &amp; sherri went, Obama got a standing ovation",4
Closing time at zeros boo  time to chug those beers fuckers,0
"Slight delay, something to do with the basketball... #DeflateGate?",2
"@united Just did, thanks for checking! :)",4
I'd like to hear what  thinks about Tom Brady's saggy balls #DeflateGate,2
@united 2nd flight in two weeks that you have lost my bag!  Taking my 1K status to @AmericanAir #neveragain #WORSTCUSTOMERSERVICE,0
@AttractMode Thanks for putting on such a great event. Can't wait for the inevitable sequels! ,4
"@ludajuice Lebron is a Beast, but I'm still cheering 4 the A..til the end.",0
omgg i ohhdee want mcdonalds damn i wonder if its open lol =],4
@pdxcommute driverless cars will be 1000x cheaper than high-speed rail and better for everyone. HSR is a waste of money,4
I'm really loving the new search site Wolfram/Alpha. Makes Google seem so ... quaint. http://www72.wolframalpha.com/,4
eating breakfast and then school,2
Colin Powell rocked yesterday on CBS. Cheney needs to shut the hell up and go home.Powell is a man of Honor and served our country proudly,0
@united been on the phone for over an hour with customer service and they can't figure it out! awesome service... NOT!,0
@jktweet Hi! Just saw your Stanford talk and really liked your advice. Just saying Hi from Singapore (yes the videos do get around),4
"I hate revision, it's so boring! I am totally unprepared for my exam tomorrow :( Things are not looking good...",0
Man I kinda dislike Apple right now. Case in point: the iPhone 3GS. Wish there was a video recorder app. Please?? http://bit.ly/DZm1T,0
getting ready to test out some burger receipes this weekend. Bobby Flay has some great receipes to try. Thanks Bobby.,4
well imessage doesn't work thanks @apple,0
"Morning Tweetland, a long day ahead! Hope everyone has a great day  ",4
Google developing a driverless car??? da facckk?!,0
jquery Selectors http://codylindley.com/jqueryselectors/,2
Good morning at work  don't wanna be there fuckit another day another dollar!!!,0
"wait no, I didn't waste four years...it was more of putting my all into someone who doesn't give a fuck.. ",0
Recovering from surgery..wishing @julesrenner was here :(,0
Soooooooooo has everyone learned everything the EVAH wanted to know about FB players &amp; their balls? Have you? #DEFLATEGATE,2
RT @LATimesautos is now the time to buy a GM car? http://bit.ly/nRzlu,2
"Breaking: Microsoft Develops Self-Driving Car to Compete With Google, Death toll still rising as authorities struggle to contain destruction",0
"My phone died at 8%, why would you let this happen @apple?",0
 How do I enter passport information on an existing reservation before check in?,2
time warner has the worse customer service ever. I will never use them again,0
 ahhh I have no more tissues and I look like a blow fish from crying.....ahhh I'm stressed the fuck out,0
@united you suck.    9 hour delay?!,0
"@Karoli I firmly believe that Obama/Pelosi have ZERO desire to be civil.  It's a charade and a slogan, but they want to destroy conservatism",0
": Gosh, I'm fucking emo. I wrote on status on facebook 4 her, mum turned off Tom &amp; Jerry (which me and Ruby was enjoying) For The Hills. ",0
@jenniferg07 it is all in good fun we know you don't want to kiss a girl. ,4
is studing math ;) tomorrow exam and dentist :),4
"RT @sportsguy33: New Time Warner slogan: ""Time Warner, where we make you long for the days before cable.""",0
"@asherroth World Cup 2010 Access?? Damn, that's a good look!",4
@colorofviolence yay  i'm happy for you guys....now hurry up and spit out the next one ,4
Goodby Silverstein agency new site! http://www.goodbysilverstein.com/ Great!,4
both candidates need Claritin. #StuffyNoseVoices,2
fuck omg  austins always there though man &lt;3 love you,0
@united switched to fly united from delta for the past two trips and was very disappointed. Now my UA4646 on 2/23 is delayed by 3 hours!!,0
playing with Java and the Twitter API,2
"By the way, I'm totally inspired by this freaky Nike commercial: http://snurl.com/icgj9",4
I'd love a self-driving car :),4
could it get any worse for kimi  try you fucker!,0
Google self driving car taking blind MSN to Taco Bell and dry cleaners...awesome! #vmworld Genius Machines http://t.co/NwaaP27B,4
"YES YES YES YES ""a future in which people simply order a self-driving car when they need one."" http://t.co/FMixpTKf0r",4
"I FUCKING HATE PEOPLE ;_; Seriously, what fucking twat would try to pull someone out the car, threaten them and them fucking follow them? ",0
"Rocawear Heads to China, Building 300 Stores  - http://tinyurl.com/nofet3",2
is in San Francisco at Bay to Breakers.,2
@kirstiealley Pet Dentist http://www.funnyville.com/fv/pictures/dogdentures.shtml,2
"@honey_honeybun Aw, thanks...let's hope so! I am more worried about Geoff's teeth! Hope you are having a good day, H or HB. ",4
"Google driver-less car is not viable , insurance companies would have no part of it.",0
Cheney and Bush are the real culprits - http://fwix.com/article/939496,0
is upset about the whole GM thing. life as i know it is so screwed up,0
http://xi.gs/04FO GM CEO: China will continue to be key partner,2
yeah guys i will totally bring dublin to the party. he would love the company. ,4
"@united awesome. Thx. And thx for replying so damn fast, sure as hell beats 80s cheeze hold music!!",4
Oooooooh... North Korea is in troubleeeee! http://bit.ly/19epAH,0
Google Tested The Safety Of Its Self-Driving Cars By Swarming Them With Bikes /2dxztZTqSs,2
At GWT fireside chat @googleio,2
"well tweeps, im off, i gotta have a shower then go get a haircut. good bye everyone ",4
"@united 
I will admit, you've been rather good to me over the years.
You've still got me hooked.
(for now!)
Peace.",4
@dorkas426 i totally took the change of scenery. it was great. ,4
 do you sell open tickets? I have a sick relative and may have to travel at a moments notice. Sad but true.,2
"@united we had a wonderful flight attendant named Leah that was with us from lga to den, then den to anchorage!",4
i think my finger is fucked. 3 days later it still hurts. it hurts to hold a freaking cupcake ,0
@united Thanks for the timely service &amp; great staff getting my wife and me to and from Cancun this past week for our honeymoon.,4
@united I appreciate the follow up.,4
"@united  gate agent at EWR "" if you are disabled or in a wheel chair, it's time to board, please step"". STEP UP??? Lol",0
Am I the only one who thought #DeflateGate was about a bad shipment of Viagra? :),2
@berofx: good luck with your challenge ,4
Check this video out -- President Obama at the White House Correspondents' Dinner http://bit.ly/IMXUM,2
I spent most of my day reading a jQuery book. Now to start drinking some delirium tremens.,2
"@united @FlyANA_official pleasantly surprised to find ANA has made major upgrades on their transpacific route in flights, planes and service",4
"@KarrisFoxy If you're being harassed by calls about your car warranty, changing your number won't fix that. They call every number. #d-bags",0
fucken a man lol. tiring night at work. hope to get this job! for got bout the hills  dang nabbit lol.. ,0
@united  #UnitedAirlines  how long will1531 be delayed.,0
"confirmed: it's Time Warner's fault, not Facebook's, that fb is taking about 3 minutes to load. so tempted to switch to verizon =/",0
"Give a man a fish, u feed him for the day. Teach him to fish, u feed him for life. Buy him GM, and u F**K him over for good.",0
": In honor of #DeflateGate, we are having a sale on things that are supposed to be flat! /1…",2
@united u would not be able to rebook me to get home any sooner than a now 2hr delayed flight.  #linesforever #customerservice #fail #again,0
Today was so great.  My roommate and I played some soccer and I also got a nice run in on this sunny day  Time for some reading and sleep.,4
@united all good! Next flight was a little delayed so it all worked 👍,4
Google Wave Developer Sandbox Account Request http://bit.ly/2NYlc,2
"Only one exam left, and i am so happy for it :D",4
@vkerkez dood I got a free google android phone at the I/O conference. The G2!,4
Just saw Sunshine Cleaning. I love Amy Adams ,4
ugh i need to renew the fucking restraining order.  help.,0
@tweeterdiva I only have one for now... I'd love to have a herd someday! ,4
Incredibly AWESOME. Can't wait. RT â€œ@MandaCessac: Google unveils its self-driving car http://t.co/9e862khJgS This is incredible.â€,4
I can't wait for the first time a  Car gets the guts of an  Drone on its windshield.,2
@anna_debenham what was the php jquery hack?,2
"It's a bank holiday, yet I'm only out of work now. Exam season sucks:(",0
@Croconaw goodnight ,4
Safeway offering mobile coupons http://bit.ly/ONH7w,2
"@JonathanRKnight : agreed. internet? random. but i like random. watched dirty dancing, great movie, i thought of your song..  nighty night",4
@CharlesJMeyer @Apple @Appy_Geek Hasn't Apple been doing this for decades? This is why I don't support Apple. #apple #deletegame,0
bonjour San Francisco. My back hurts from last night..,0
@imagejennation @whitrt we found a great Chinese place to hang out at ,4
@richardebaker no. it is too big. I'm quite happy with the Kindle2.,4
@ArunBasilLal I love Google Translator too ! :D Good day mate !,4
RT @SmartChickPDX: Was just told that Nike layoffs started today :-(,0
  taking the air out of the membership costs?.. heh.. #DeflateGate #IcanDoItToo,2
"@RyanStar  Hey Ryan, just thought I'd say that u put on a great show in Radford Sunday night, &amp; I'm so glad I got to meet you! ",4
@united our flight attendant @superben was super helpful in finding a bag we left on a flight today. Excellent customer service. Name fits.,4
"RT @designplay Goodby, Silverstein's new site: http://www.goodbysilverstein.com/ I enjoy it. *nice find!*",4
"@Zee It's good, but buggy like a motherfucker. ",0
Google car just drove by.... Hopefully they got me flipping them off!,0
@Pittstock $GM good riddance.  sad though.,0
@pmarca Couldn't agree more! Had my first ride in a self driving car today. It's amazing. Definitely the future.,4
: Didn't expect to be on the radio this morning discussing the #Coachella2015 lineup! Thx   #KWSS,2
Monday already. Iran may implode. Kitchen is a disaster. @annagoss seems happy. @sebulous had a nice weekend and @goldpanda is great. whoop.,0
@JonathanRKnight  i do embrace the simple life.  simple things like a new kids reunion makes me an extremely happy girl ,4
"Brand New Canon EOS 50D 15MP DSLR Camera Canon 17-85mm IS Lens ...: Web Technology Thread, Brand New Canon EOS 5.. http://u.mavrev.com/5a3t",2
Obama: Nationalization of GM to be short-term   (AP) http://tinyurl.com/md347r,2
Driverless golf carts /CgRoUETWWc,2
 Does  not take fraud as seriously?,2
@united Late Flight crew into #btv last nite delayed todays flt. Will miss connection to #cun. Why do I have to play for hotel tonight in #ewr?,0
"Safeway with Marvin, Janelle, and Auntie Lhu",2
@smiIingbarakat @Apple YEAH APPLE UR SLACKIN,0
The safeway bathroom still smells like ass!,0
"Trouble in Iran, I see. Hmm. Iran. Iran so far away. #flockofseagullsweregeopoliticallycorrect",0
watching Night at The Museum . Lmao,4
Pissed at Time Warner for causin me to have slow internet problems,0
Wat the heck is North Korea doing!!??!! They just conducted powerful nuclear tests! Follow the link: http://www.msnbc.msn.com/id/30921379,0
Star Trek was as good as everyone said!!,4
Guess I'll be retiring my G1 and start using my developer G2 woot #googleio,4
"RT @sportsguy33 The upside to Time Warner: unhelpful phone operators   superslow on-site service. Crap, that's not an upside.",0
"got paid fuck all and wants to kill the lostprophets. Peace out world, i'll see you in the next life ",0
@united no chance I wait in ORD all afternoon for another flight after you screwed me. Hold 5396,0
Highly recommend: http://tinyurl.com/HowDavidBeatsGoliath by Malcolm Gladwell,4
Gooood mooorning world. I had a dream last night I fucked my knee again  Def need to kick start my strengthening ready for Bournemouth 7s!,0
i love Dwight Howard's vitamin water commercial... now i wish he was with NIKE and not adidas. lol.,4
"#wolfram Alpha SUCKS! Even for researchers the information provided is less than you can get from #google or #wikipedia, totally useless!",0
I need the self-driving car of Google ðŸ˜©,4
"I like this guy : ' Barack Obama shows his funny side "" &gt;&gt; http://tr.im/l0gY !!",4
@united holy high speed internet batman!  Speeds at United Club at IAD are insanely fast!  Thanks,4
"They're on about driverless automated cars, why waste the money? Get a fucking taxi",0
The way some people are glued to their phones we may already have driverless cars.,2
@united I was protected on that flight by gate agent Kerry at LAS. She also did an excellent job getting me to my destination today. Thanks!,4
oh oh found some clothes!!  And i love em xD,4
@owlmonkeys fuck you ,0
"dear nike, stop with the flywire. that shit is a waste of science. and ugly. love, @vincentx24x",0
@d3signerd â€¦being systematically run over by driverless cars.,0
I still love my Kindle2 but reading The New York Times on it does not feel natural. I miss the Bloomingdale ads.,0
I am such a fucking failtastic IRL friend. ,0
I am in so much pain. My back is fucked up... I don't know what happen. It feels like something is out of place in my lower back.   ,0
"I'm ready to drop the pretenses, I am forever in love with jQuery, and I want to marry it. Sorry ladies, this nerd is jquery.spokenFor.js",4
It's unfortunate that after the Stimulus plan was put in place twice to help GM on the back of the American people has led to the inevitable,0
Love when Google does futuristic stuff like this. Also giving the self driving car a face is pretty genius: http://t.co/Bgj9i6rvn0,4
@united I am blown away by stellar #custserv !! Thank you &lt;3 http://t.co/JOrEScfb4x,4
"Driverless cars are terrible. How can anyone be a fan of them. I mean, c'mon!!!",0
just started playing Major League Baseball 2K9. http://raptr.com/H3LLGWAR,2
@united Give Cyndi &amp; Troy each a gold star.,4
Last day of work before I go on holiday... argh... got fuck loads to do ,0
Uber to use Google's self-driving cars in the far-future /5pv6Dlj0L9,2
testing Twitter API,2
Nike rocks. I'm super grateful for what I've done with them :) &amp; the European Division of NIKE is BEYOND! @whitSTYLES @muchasmuertes,4
"Also, cars with drivers @transsafe: FBI warns driverless cars could be used as 'lethal weapons' @BerkeleyITS @tsrcits http://t.co/Qd9UrEImqq",0
@wendy_bowser Thank you for the kind words!  I appreciate it.  Have a great night ,4
"@crlane I have the Kindle2. I've seen pictures of the DX, but haven't seen it in person. I love my Kindle - I'm on it everyday.",4
http://twurl.nl/epkr4b - awesome come back from @biz (via @fredwilson),4
"There is an acceptable level of risk with all new technology, but the reality that people will die in autonomous car is hard to accept #sxsw",0
Heading to a tech conference which will focus on transportation and driverless cars #AV #Innovation,2
@united thanks for all the help! Totally appreciate it and you made it super easy too,4
"I'm listening to ""P.Y.T"" by Danny Gokey &lt;3 &lt;3 &lt;3 Aww, he's so amazing. I &lt;3 him so much :)",4
"On that note, I hate Word. I hate Pages. I hate LaTeX. There, I said it. I hate LaTeX. All you TEXN3RDS can come kill me now.",0
  Not blaming Jet Blue.  This wasn't weather. Can't have planes in the air and runways a mess. That's a disaster waiting to happen.,2
@united it won't help...been there done that.,0
"@united my UA3426 on 2/19 was also delayed by 2 hours, stretching my trip way past the midnight, extremely exhausting!",0
saw night at the museum 2 last night.. pretty crazy movie.. but the cast was awesome so it was well worth it. Robin Williams forever!,4
i love lebron. http://bit.ly/PdHur,4
"@united be  ""Chicago's hometown airline"" care about your neighbors #SaveTheDiagonals #FlyQuiet #ORDNoise",4
Man accosts Roger Federer during French Open http://ff.im/3HCPT,2
no watching The Night At The Museum. Getting Really Good,4
"@united is the worst. Worst reservation policies. Worst costumer service. Worst worst worst. Congrats, @Delta you're not that bad!",0
@pfspleen I'm good! Had some very strange dreams last night but hey dreamin' means i'm sleepin'  How's you this morning?,4
#RantsAndRaves The worst thing about GM (concord / pleasant hill / martinez): is the fucking UAW. ..   http://buzzup.com/4ueb,0
On my way to see Star Trek @ The Esquire.,2
I hate the effing dentist.,0
pissed about at&amp;t's mid-contract upgrade price for the iPhone (it's $200 more) I'm not going to pay $499 for something I thought was $299,0
Gov. Brown gives green light to driverless cars in California - Chicago Tribune /Gx8K5faC,2
yankees won mets lost. its a good day.,4
Stanford Charity Fashion Show a top draw http://cli.gs/NeNuAH,4
Safeway Super-marketing via mobile coupons http://bit.ly/ONH7w,2
"""The Republican party is a bunch of anti-abortion zealots who couldn't draw flies to a dump."" -- Neal Boortz (just now, on the radio)",0
this dentist's office is cold :/,0
Ahhh... back in a *real* text editing environment. I &lt;3 LaTeX.,4
"If you think people dislike Google Buses and Google Glasses, just wait till a Google Self Driving car causes children to die in a crash.",0
curses the Twitter API limit,0
@united received my bag. I appreciate taking care of the matter and following up!,4
"' Barack Obama shows his funny side "" &gt;&gt; http://tr.im/l0gY !! Great speech..",4
VIRAL MARKETING FAIL. This Acia Pills brand oughta get shut down for hacking into people's messenger's.  i get 5-6 msgs in a day! Arrrgh!,0
"@universewx I've heard that here in Florida, self-driving cars are street-legal. I want one!",4
"breakers. in San Francisco, CA http://loopt.us/4v88Bw.t",2
Driverless cars?!! Wth!i honestly don't think that's a good idea..,0
zomg!!! I have a G2!!!!!!!,4
Listening to Obama... Friggin North Korea...,0
    wonder what their plans are for the Super Bowl? Deflated balls are trademark. #DeflateGate,2
I JUST SAW A SELF-DRIVING GOOGLE CAR HOW AWSOMMEE!!,4
"Self-driving cars could be a decade away: A number of carmakers, with Nissan being the latest, claim that they... /DwF33TJMuN",2
just got back from starbucks.. tried the tea with lemonade very good  miss gg already. 1st one!,4
is going to sleep then on a bike ride:],4
@united Elizabeth at Washington Dulles just hooked me up with a new connecting flight at my gate! I'm super pleased!,4
I'm itchy and miserable!,0
Googles self driving cars...soo cool #iwantone,4
@zampeachie @Farscale To answer both of you: I studied for FOUR hours before the exam and I'm pretty sure I still fucked it ,0
First to own 2600 digital languages is the NEW leader of the Internet. .  . . . #onlinegaming  .,2
The real AIG scandal / http://bit.ly/b82Px,0
"I just got up, I'm ill as fuck. I need more sleep and everything. Uchh ",0
@shannyoday I will take you on a date to see night at the museum 2 whenever you want...it looks soooooo good,4
New blog post: Nike Trainer 1 http://bit.ly/394bp,2
at work fixing some code that just had to broke on the saturday evening... man... who the fuck invented comuters in the first place??? ,0
New blog post: Nike SB Dunk Low Premium 'White Gum' http://tr.im/lOtT,2
Self driving cars would be amazing. DDs would be a thing of the past#hurryupscience,4
Too fucking early. Super crabby. Want to be back in bed with my pup. Wish I was staying home tonight and being in my own bed. ,0
Class... The 50d is supposed to come today :),4
Driverless cars. DUMBEST F..ING Idea I have ever heard of.,0
started to think that Citi is in really deep s&amp;^t. Are they gonna survive the turmoil or are they gonna be the next AIG?,0
@united thank you! Love united!! Have 4 flights today!,4
"@phyreman9 Google is always a good place to look. Should've mentioned I worked on the Mustang w/ my Dad, @KimbleT.",4
still hungry after eating....,2
downloading apps for my iphone! So much fun :-) There literally is an app for just about anything.,4
Just applied at Safeway!(: Yeeeee!,4
@cnni Driverless truck?! Perfect 'car (((Bomb))). I'll take 2 4 AIPC rats nest in Hymie town &amp; DC.,0
"since posting the 2 new photos on my website with the kids my hit count went up...way, way, way up. love to china for 5,000 views alone. ",4
 I would love to Fort Lauderdale now that would cool.,2
"Back from seeing 'Star Trek' and 'Night at the Museum.' 'Star Trek' was amazing, but 'Night at the Museum' was; eh.",0
@mikefish  Fair enough. But i have the Kindle2 and I think it's perfect  :),4
"@Apple, For the love of GAWD, CENTER the '1'on the damn calendar app. You fixed it once, its back, off center, AGAIN! http://t.co/dMyAHEm1Lc",0
A friend feels like a beer on a Monday night. That's never good. But beer is always good. Always. ,4
fucking roadworks out the front of our house ,0
@BradmanTV Thanks....it seemed the right moment. I love your show.  Your songs bring me joy.,4
@kirstiealley I hate going to the dentist.. !!!,0
@ambcharlesfield lol. Ah my skin is itchy :( damn lawnmowing.,0
@JonathanRKnight wake up with ah Jon tweet. The Best start for my day  thx Jon love You,4
 Obama's balls are deflated too and America doesn't believe him. #DeflateGate,2
"@mmcallen Sigh, wish I could have a GMIC meeting here in San Diego! Spoke to Johanna already, she said it was great... ",4
@united @jsumiyasu I am thankful to the  United ground staff who put me in the last seat on the last flight out. Home Late Flight is still home!,4
Watching Night at the Museum - giggling.,4
just changed my default pic to a Nike basketball cause bball is awesome!!!!!,4
Just got barraged by a horde of insects hungry for my kitchen light. So scary.,0
"HTML 5 Demos! Lots of great stuff to come! Yes, I'm excited. :) http://htmlfive.appspot.com #io2009 #googleio",4
@ work til 6pm... lets go lakers!!!,4
Just blocked United Blood Services using Google Voice. They call more than those Car Warranty guys.,0
Self-driving cars? Sounds good to me!  --- Headline @USATODAY: California okays driverless cars http://t.co/v9jFiX1z,4
 Maybe put a few of those dance steps to use after today's Belichick conference... #DeflateGate #Patriots #PatriotsNation,2
"#jobs #sittercity Help with taking care of sick child (East Palo Alto, CA) http://tinyurl.com/qwrr2m",2
"@craigsutton     that's a long-time, good for you!   ",4
Night At The Museum 2? Pretty furkin good.,4
LEbron james got in a car accident i guess..just heard it on evening news...wow i cant believe it..will he be ok ? http://twtad.com/69750,0
@EricBttn Yeah right!! Just hang out with the cast and accidentally have ALEX fall in love with you too right??? ,4
"Reading  ""Bill Clinton Fail - Obama Win?"" http://tinyurl.com/pcyxj7",4
"Time Warner CEO hints at online fees for magazines      (AP) - Read from Mountain View,United States. Views 16209 http://bit.ly/UdFCH",2
Damn my fucking Brain... searching for an Slab Serif Type called Lubilin or something similiar ,0
In montreal for a long weekend of R&amp;R. Much needed.,4
@united it's amazing really.,4
omg its getting so fucking hot out ,0
Fuck this economy. I hate aig and their non loan given asses.,0
is Twitter's connections API broken? Some tweets didn't make it to Twitter...,0
My dentist appt today was actually quite enjoyable.,4
  Yung adopted child namin has just been bitten by a wasp. I gave him Claritin.,2
â€œ: Google plans to build self-driving car with no steering wheel /aRzeKjjr4Qâ€,2
DEAR APPLE THIS IS THE WORSE SERVICE EVER @apple http://t.co/JHPs71DF0W,0
"just had a real good moment. i missssssssss him so much, ",4
"love u dane cook, u funny fuck!    party time for my lil sister well not so little anymore now 14!  how sad they grow up so fast",0
"I Will NEVER Buy a Government Motors Vehicle: Until just recently, I drove GM cars. Since 1988, when I bought a .. http://tinyurl.com/lulsw8",0
SHOUT OUTS TO ALL EAST PALO ALTO FOR BEING IN THE BUILDIN KARIZMAKAZE 50CAL GTA! ALSO THANKS TO PROFITS OF DOOM UNIVERSAL HEMPZ CRACKA......,4
F*ck Time Warner Cable!!! You f*cking suck balls!!! I have a $700 HD tv &amp; my damn HD channels hardly ever come in. Bullshit!!,0
@united Do we know why UA5282 is delayed x2)? This is getting crazy. I've already had 2 overnight delays. #UnitedAirlines,0
Math review. Im going to fail the exam.,0
"Loratadine (main ingredient in Claritin) is SO much cheaper at Target, it kinda makes me wonder if they do something to it...",2
is it me or is this the best the playoffs have been in years oh yea lebron and melo in the finals,4
@MushyV Ahhhhh that Hoff programme sounded CLASSS!!!! I fuckin missed it  hopes there's a repeat innit,0
"@aiduong Oh goodness, I didn't know you could message friends on here! Hello Ai ",4
Rt @LilTanLines I know I'm Special... hahaha But the fucking Special Olympics won't let me compete in their events. ,0
"GM files Bankruptcy, not a good sign...",0
annoying new trend on the internets:  people picking apart michael lewis and malcolm gladwell.  nobody wants to read that.,0
"@united Now arriving a day and a half Late Flightr than supposed to. Lesson of the day, don't believe verbal or written confirmations from United",0
Will the Lakers kick the Nuggets ass tonight?,4
": Wonder if there’ll b investigation 2 determine how over inflated , ,  heads are after this? …",2
fucking myspace!! Let me check my new comments nowwwwwww ,0
@ims What is AT&amp;T fucking up?,0
RT @shrop: Awesome JQuery reference book for Coda! http://www.macpeeps.com/coda/ #webdesign,4
@united Why isn't the flight status updated to delayed UA1532 no board,0
"@united, last week shanghai to sfo 858 delay 5hrs bc of engine. today sfo-sea delay to ""sick pilot"". no compensation. They Do. Not. Care.",0
"Getting ready to go watch Night at the Museum 2.  Dum dum, you give me gum gum!",2
"glad i didnt do Bay to Breakers today, it's 1000 freaking degrees in San Francisco wtf",0
i loved night at the museum!!!,4
God sho love him some me  feeling really really blessed tonight++++++,4
"Ok, @apple. You win. I won't use your browser anymore since it keeps closing on me. Literally 8 times today. I counted.",0
"I just wrote and entire story, and it didn't save.   Motherfucker.   http://twitter.com/disintegration/statuses/1548632552",0
#at&amp;t is complete fail.,0
"has discovered that she loves easter crafts, eggs, hot cross buns... feel like watching the prince of egypt to aid my easter meditations ",4
i hate comcast right now. everything is down cable internet &amp; phone....ughh what am i to do,0
Testing Twitter API. Remote Update,2
"oh hell no, i know enough about computers to not trust a driverless car",0
Excited about seeing Bobby Flay and Guy Fieri tomorrow at the Great American Food &amp; Music Fest!,4
The google carðŸ˜‚ /tZ2KkGl4as,2
Dentist tomorrow. Have to brush well in the morning. Like I make my hair all nice before I get it cut. Why?,2
I couldn't be more excited about self-driving cars http://t.co/hpXkh7hX,4
Booz Allen Hamilton has a bad ass homegrown social collaboration platform. Way cool!  #ttiv,4
"I reaaly miss john mayer's twitters.  fuck rude people. Remove him if you don't like his tweets, bitchfucks.",0
just watched night at the museum 2! so stinkin cute!,4
@united You might be dealing with frustrated passenegers. hope you all have a great day :) thank you very much for an amazing airline :),4
NCAA Baseball Super Regional - Rams Club http://bit.ly/Ro7nx,2
iPhone May Get Radio Tagging and Nike  : Recently-released iTunes version 8.2 suggests that VoiceOver functional.. http://tinyurl.com/oq5ctc,2
"@XPhile1908 I have three words for you: ""Safeway dot com""",2
can't wait for the great american food and music festival at shoreline tomorrow.  mmm...katz pastrami and bobby flay. yes please.,4
Aren't they already? â€œ@Techmeme: FBI warns driverless cars could be used as 'lethal weapons' http://t.co/BZCGGulW6x http://t.co/sTLxMt1lLzâ€,0
Learning about lambda calculus :),4
   legit thought that was you in this pic!,2
"RT @PassionModel 'American Idol' fashion: Adam Lambert tones down, Danny Gokey cute ... http://cli.gs/7JWSHV",4
ps just broke my fucking phone ,0
Uploading the greatest cartoon from the Newspaper ever - regarding Twitter. ,4
Riding around a @Google self-driving car! â€œ@always_believin: @Mazy where do u see yourself in 10 years? :) #AskMazyâ€,4
My balls are perfect                              #DeflateGate #TomBrady #inflatethis,2
@united thanks! :),4
With my best girl for a few more hours in San francisco. Mmmmmfamily is wonderful!,4
@apple last time I checked I thought I bought a iphone 6 not a slippery ass bar of soap disguised as one. I DIDNT DESERVE THIS,0
DevSnippets : jQuery Tools - Javascript UI Components for the Web... http://inblogs.org/go/hfuqt,2
Tell me again why we are giving more $$ to GM?? We should use that $ for all the programs that support the unemployed.,0
Nancy Pelosi gave the worst commencement speech I've ever heard. Yes I'm still bitter about this,0
Just saw a Google self-driving car in the wild! Woot! It was extremely well behaved. Me wants!,4
Went to see the Star Trek movie last night.  Very satisfying.,4
"As u may have noticed, not too happy about the GM situation, nor AIG, Lehman, et al",0
GM says expects announcment on sale of Hummer soon - Reuters: WDSUGM says expects announcment on sale of Hummer .. http://bit.ly/4E1Fv,2
"I think I am more excited about the self driving car, than anything else since I joined @Google. It's just awesome!",4
"Hates his pills, oh god why do they have to taste so fuckin horrible. 0,5 liter of coke to flush them down isnt even enough ",0
I seriously underestimated Malcolm Gladwell.  I want to meet this dude.,4
@StreetWearBear.  yes I am thanks for reaveling to the world bro fuck my life hahaha,0
"arhh, It's weka bug. = ="" and I spent almost two hours to find that out. crappy me",0
myfoxdc Barrie Students Back from Trip to China: A Silver Spring high school's class trip to China has en.. http://tinyurl.com/nlhqba,2
Just got home from chick-fil-a with the boys. Damn my internets down =( stupid time warner,0
Launched! http://imgsearch.net  #imgsearch #ajax #jquery #webapp,2
@cthagod when Lebron is done in the NBA he will probably be greater than Kobe. Like u said Kobe is good but there alot of 'good' players.,4
RT @clashmore: http://bit.ly/SOYv7  Great article by Malcolm Gladwell.,4
#WearableDevices To #Consumers : You're Putting Me On - /2eSSgN5Wsv #IBDNews via   #aapl #nke #grmn #amba #invn,2
"@Gerry_Butler If it's something you will enjoy and will make you happy, why not do it? ",4
@JonathanRKnight A truly great place to eat is the Canteen in Ottumwa.  Loose meat hamburgers in a tiny cafe.  Everyone's friendly. ,4
"@United Bringing your ""A"" game with premium cabin dining. Nice! https://t.co/zgOQoxjBQY",4
Amazon making self driving cars in 2017 to deliver packages? #drone,2
is eating  home made yema,2
Hello Twitter API ;),4
 A month ago I had a flight booked but then had to Cancelled Flight it... I'm now Flight Booking Problems a separate flight for a different occasion.,2
i lam so in love with Bobby Flay... he is my favorite. RT @terrysimpson: @bflay you need a place in Phoenix. We have great peppers here!,4
@WSJ The idiot who would ride in a driverless car! #tolazytodrive #hireadriver,0
Is fucked to go back to IC ,0
if freaking the fuck out! way to many assignments due!!! ,0
@google watched the video now that I'm home from work. WTF. I thought we were getting a driverless car not some Orwellian Big Brother shit.,0
Jquery is my new best friend.,4
Obama's got JOKES!! haha just got to watch a bit of his after dinner speech from last night... i'm in love with mr. president ;),4
hey @apple fuck you,0
Portland city politics may undo baseball park http://tinyurl.com/lpjquj,2
omgoshhh hes not coming back till monday which means i won't see him till i come back thursday  fucken jerk! sighh i miss himmmm ,0
I know. How sad is that?  RT @caseymercier: 1st day of hurricane season. That's less scarey than govt taking over GM.,0
Dang! The iPhone 5's camera is blazing fast. Spotted a Google self driving car. /NC63Spw7,2
is lovin his Nike  already and that's only from running on the spot in his bedroom,4
Your Normal Weight (and How to Get There) ? Normal Eating Blog http://bit.ly/ZeT8O,2
"F*** up big, or go home - AIG",0
@mischaarmada So today some girl walked into the Bean and i totally thought it was you and i yelled &quot;MIIIIISSSCCCHHHHHHH&quot; fucking LOUD ,0
ugh. the amount of times these stupid insects have bitten me. Grr..,0
I think my memory card is fucked  at least its not the one for my DSLR I guess,0
"@united She met me from customer service at the arrival of flight UA3787 PVD-IAD. Thanks, you guys have really handled this storm!",4
AHH YES LOL IMA TELL MY HUBBY TO GO GET ME SUM MCDONALDS =],4
@apple ur products are shit they break 24/7 ur ruining my life,0
 So just like when Claritin went over the counter it isn't covered by any prescription drug plans anymore?,2
@united took this picture on Thursday. #awesome http://t.co/IVGpZSjtkW,4
@Lou911 Lebron is MURDERING shit.,4
Self driving cars powered by @Uber.  This google investment is awesome.,4
@rashmid congratulations!! tht makes a lot of us very very happy. ,4
Fighting with LaTex. Again...,0
Nike Air Yeezy Khaki/Pink Colorway Release - http://shar.es/bjfN,2
Found a safeway. Picking up a few staples.,2
"I would rather pay reasonable yearly taxes for ""free"" fast internet, than get gouged by Time Warner for a slow connection.",0
#Google Self-Driving Car on City Streets http://t.co/6f8qfwZbqg -- I cannot wait until this technology is available to consumers.,4
@KevinRuddPM: you're a dead set legend! Please make the broadbands super fast I will love you forever. ,4
dropped her broccoli walking home from safeway! ;( so depressed,2
@QuantTrader i own a GM car and it is junk as far as quality compared to a honda,0
Why I Hate Apple - http://t.co/IbpyJXaOuW #AAPL #Long-Term_Larry,0
"Only in Mountain View would you see a Prius with a large roof rack &amp; think, ""Look, a self-driving car!""",2
 - nice segment on the Google car.  Interesting how ideas like this could disrupt the Insurance Industry.     /571XAf3w5R,2
 hey me and my family have questions on a trip to Disney world that we are doing in April . Please follow me so I could dm you guys,2
New nike muppet commercials are pretty cute. Why do we live together again?,4
:-/ : Google forced to add steering wheels to driverless car designs:  /m1PYOJ1V5S,2
@ryanchris I drive hundreds of miles a week. Bring on the driverless car. Canâ€™t wait to stop driving.,4
I just saw the google car!!! eekkk my life is complete!!!,4
@united How do I get reimbursed for hotel and taxis for the Cancelled Flightation?,0
Adobe CS4 commercial by Goodby Silverstein: http://bit.ly/1aikhF,2
I would like to go for a drive with these guys. Driverless cars will be the safest cars ever #cas13 http://t.co/q24oKdlp,4
sad day...bankrupt GM,0
"@sheridanmarfil - its not so much my obsession with cell phones, but the iphone!  i'm a slave to at&amp;t forever because of it. :)",0
@johncmayer is Bobby Flay joining you?,2
"Google's vision, delivering packages with driverless cars / humanoid robots can happen. Amazon drone BS? No. LOL /t6Nlr70rKq",2
Comcast sucks.,0
http://t.co/lsyL4Qfccw  Half of Americans want to live in a smart city with driverless cars,4
@McALiMeal  You are never going to be a &quot;fucked up little kid&quot;. If anyone dared say that to you i'd fucking punch them D: you're amazing.,0
i am working on my media room design and i love love love my client profile ,4
Wow everyone at the Google I/O conference got free G2's with a month of unlimited service,4
back from dentist  mouth is numb and it's all shitty.... fucking fillings ,0
@sportsguy33 Time Warner = epic fail,0
"@faithbabywear Ooooh, what model are you getting??? I have the 40D and LOVE LOVE LOVE LOVE it!",4
"@defsounds WTF is the point of deleting tweets if they can still be found in summize and searches? Twitter, please fix that. Thanks and bye",0
"I look at Googleâ€™s driverless cars and I think, the perfect terrorist bombing weapon.",0
"I just wrote and entire story, and it didn't save.   Motherfucker.  ",0
im goin to kill alicia if she gave me her fucking sickness . ughhh wtf  ,0
"all about Ajax,jquery ,css ,JavaScript and more... (many examples) http://ajaxian.com/",2
@ddlovato Pollen and salt - daphne loves derby . = love. i love your little song tweets so i decided to send you on of my own ,4
"@xambix wow, welcome home eh  that's well shit, especially just coming back off holiday!!! Some fucking people!",0
First ride in a Google self-driving car. Amaaaazing @ComputerHistory,4
@tonyhawk http://twitpic.com/5c7uj - AWESOME!!! Seeing the show Friday at the Shoreline Amphitheatre. Never seen NIN before. Can't wait. ...,4
The Google car must be stopped.,0
Heading to San Francisco,2
@mrskutcher it's only 1am here...i'm just on my way TO bed lol. weird. hope you have a good morning! ,4
"Driverless cars seem way overhyped given the infrastructure challenges, pilotless planes seem much more doable and needed.",0
How to Track Iran with Social Media: http://bit.ly/2BoqU,2
: Click on the link (or the picture) to see the #Coachella2015 Lineup  /swzBfN…,2
shud be sleeping but cant! im guna be so fucked and grumpy for this 6am flight!  but hey... im going on holiday so good times!,0
While we are on the rain subject I fuckin hate this rain! I need to do a soil test and can't with this damn weather! ,0
fuck a birthday ,0
"@united and most frustratingly, all this delay happened either at the gate, or even onboard the aircraft! No heads up in advance!!!",0
Google's self-driving car still has many flaws http://t.co/qgqe2JoYMD via @sharethis @google #Autonomous  #Robots,0
"Can't wait for driverless cars to come out! This is the first time I'm excited about motor vehicles, in my entire life.",4
I am happy for Philip being at GoogleIO today,4
"@Vonster good point, 2 draw  2 don't  nice quote though. I like that.",4
When the first mass-produced self-driving car hits the market you can bet your ass I'm buying one.,4
Finally out of work. My back is a fucking wreck. ,0
MT Exactly! â€œ@OssyFont: #ScareTactic 1st child hit by driverless car? How about fewer children hit by drivers today? #RiseOfTheMachinesâ€,0
": With an actual #DeflateGate science debate swirling, the NFL is hiring the Columbia University physics department:
http://t…",2
Time Warner Road Runner customer support here absolutely blows. I hate not having other high-speed net options. I'm ready to go nuclear.,0
"@SoChi2 I current use the Nikon D90 and love it, but not as much as the Canon 40D/50D. I chose the D90 for the  video feature. My mistake.",4
@barrier_trio i like to piss ppl off by comparing things like Google Car to robber barons throwing silver dollars from their office windows,0
"@sportsguy33 hey no offense but malcolm gladwell is a pretenious, annoying cunt and he brings you down. cant read his shit",0
How to implement a news ticker with jQuery and ten lines of code http://bit.ly/CZnFJ,2
"good news, just had a call from the Visa office, saying everything is fine.....what a relief! I am sick of scams out there! Stealing!",4
"I told  that I think I was getting sick and he goes ""I'll give you some of that Claritin D!"" #eww",2
The Nike Training Club (beta) iPhone app looks very interesting.,4
"HATE safeway select green tea icecream! bought two cartons, what a waste of money.  &gt;_&lt;",0
"Now I can see why Dave Winer screams about lack of Twitter API, its limitations and access throttles!",0
JUST SAW A GOOGLE CAR FUCK YES  I LOVE THEM &lt;3 ðŸ‘ŒðŸ‘ŒðŸ‘ŒðŸ’•ðŸ’•ðŸ’•ðŸ’žðŸ’žðŸ’ž,4
Just had McDonalds for dinner. :D It was goooood. Big Mac Meal. ;),4
 #AAPL was a fantastic investment...but what will be its future?  How will AAPL beat AAPL?,2
argghhhh why won't  my jquery appear in safari bad safari !!!,0
's CEO battles to appease passengers and Wall Street - Waterbury Republican American /IMVMpnQXAI,2
About to watch Night at the Museum with Ryan and Stacy,2
Judd Apatow creates fake sitcom on NBC.com to market his new movie... viral marketing at its best. http://is.gd/K0yK,4
"I just created my first LaTeX file from scratch. That didn't work out very well. (See @amandabittner , it's a great time waster)",0
"juggernaut, dr. doom, magneto, &amp; xavier!  ahahah today was a good day n__n",4
time warner really picks the worst time to not work. all i want to do is get to mtv.com so i can watch the hills. wtfffff.,0
"@mayhemstudios Yes, using it for 3 week now. Pretty happy with the result ",4
Tomorrow is my friday!  +it's a late day for me. Thank goodness. ,4
@united better just keep connection from ORD To FWA that boards in ten minutes open until I get off the plane that just landed an hour Late Flight,0
Malcolm Gladwell might be my new man crush,4
eating cake,2
"THE DENTIST LIED! "" U WON'T FEEL ANY DISCOMORT! PROB WON'T EVEN NEED PAIN PILLS"" MAN U TWIPPIN THIS SHIT HURT!! HOW MANY PILLS CAN I TAKE!!",0
"@hassox no, but that sounds like a good idea, steve. ",4
"Conflict in auto tech race? Google, Detroit diverge on road map for self-driving cars: /v020sXRGps",2
so the clown suits were a waste of money... but a good night anyway  except im fucking broke ,0
"Are YOU burning more cash $$$ than Chrysler and GM? Stop the financial tsunami. Where ""bailout"" means taking a handout!",0
Going to see star trek soon with my dad.,2
Did not realize there is a gym above Safeway!,2
Safari 4 is fast :) Even on my shitty AT&amp;T tethering.,0
@dannygokey I love you DANNY GOKEY!! :),4
"@united Flew ORD to Miami and back and  had great crew, service on both legs. THANKS",4
Off to the bank to get my new visa platinum card,2
@siratomofbones we tried but Time Warner wasn't being nice so we recorded today. :),0
"Phillies Driving in the Cadillac with the Top Down in Cali, Win 5-3 - http://tinyurl.com/nzcjqa",2
Man im too fucked to be in work ,0
"@drgitlin yes, I just meant in the sense that people on it aren't driving. We don't need f'n driverless passenger cars.",0
RT @justindavey: RT @tweetmeme GM OnStar now instantly sends accident location coordinates to 911 | GPS Obsessed http://bit.ly/16szL1,2
"@beycah Good for you Becca, have a good sleep. ",4
"giving weka an app engine interface, using the bird strike data for the tests, the logo is a given.",2
"""Driver-less cars could be potentially lethal"" - news ticker.   Yeah I mean I would think so too...",0
"@pambeeslyjenna Jenna, I went to see Night At The Museum 2 today and I was so surprised to see three cast members from The Office...",2
Life?s a bitch? and so is Dick Cheney. #p2 #bipart #tlot #tcot #hhrs #GOP #DNC http://is.gd/DjyQ,0
â€œ: A self-driving car? Here's one you can (not) drive today: /SIHOcdE5mE ,2
Impatiently awaiting the arrival of the time warner guy. It's way too pretty to be inside all afternoon,0
"aww i fucken &lt;3 chuck liddell, tht shit was gay he was crying ",0
CAR WARS - Action/Sci-Fi - Drew Goddard - 'In the future driverless cars become sentient and turn on the human race'.  #blackoutlist2013,0
Played with an android google phone. The slide out screen scares me I would break that fucker so fast. Still prefer my iPhone.,0
yahoo answers can be a butt sometimes,0
@united. epic fail. @reagan. no jetway. been here 15 mins on tarmac!,0
"@united sweet, follow back and I'll get the dm off",4
"Blah, blah, blah same old same old. No plans today, going back to sleep I guess.",0
Good. I still won't even do self check-out RT @techreview Driverless Cars Are Further Away Than You Think http://t.co/3bIsL2mK7s,0
I'd say some sports writers are idiots for saying Roger Federer is one of the best ever in Tennis.  Roger Federer is THE best ever in Tennis,4
"@united well, thanks for not charging me for switching my two Cancelled Flightled flights anyway. That was pretty nice. #stillmakingmepoorthough",4
Any twitter to aprs apps yet?,2
@chictopia Let me know what you think- I have a long list of other great designers ,4
@jdreiss oh yes but if GM dies it will only be worth more boo hahaha,0
"Whatever happens, please DO NOT alter football valves to include those little electronic sensors like I have in my car tires! #DeflateGate",2
"The more I hear about this GM thing the more angry I get. Billions wasted, more bullshit. All for something like 40k employees and all the..",0
No signal in the academy  papa roach fuckin owned! Had to escape the pit before CMB moment lol,0
"@MMBarnhill yay, glad you got the phone! Still, damn you, AT&amp;T.",0
A fair goodnight sweet Twitters. Have pleasing dreams and a restful slumber. ,4
luke and i got stopped walking out of safeway and asked to empty our pockets and lift our shirts. how jacked up is that?,0
RT @jessverr I love the nerdy Stanford human biology videos - makes me miss school. http://bit.ly/13t7NR,4
torrents are taking foreverrrr. why is it so slow  fuck you youtube for halting my tv watching.,0
I just saw the spanish short film Aftermath. That's some fucked up 30 minutes!!... now I've lost my appetite ,0
"@united ,now you have Cancelled Flightled my wife and daughter's flt?? What's going on? Follow me so I can dm details.",0
"Very Interesting Ad from Adobe by Goodby, Silverstein &amp; Partners - YouTube - Adobe CS4: Le Sens Propre http://bit.ly/VprpT",4
 snow forecasted for Raleigh NC tomorrow night. Need to know if there's a plan to reschedule flights into RDU Wednesday night,2
: Be honest--only real surprise about #DeflateGate is that ARod isn't somehow involved.,2
?Obama Administration Must Stop Bonuses to AIG Ponzi Schemers ... http://bit.ly/2CUIg,0
@ohonefourthree this is me word for word. my stomach is all fucked up. sucks ,0
"North Korea, please cease this douchebaggery. China doesn't even like you anymore. http://bit.ly/NeHSl",0
@mashable I never did thank you for including me in your Top 100 Twitter Authors! You Rock! (&amp; I New Wave :-D) http://bit.ly/EOrFV,4
omg. The commercials alone on ESPN are going to drive me nuts.,0
"Climate focus turns to Beijing: The United Nations, the US and European governments have called on China to co-o.. http://tinyurl.com/lto92n",2
Investigation pending on death of Stanford CS prof / Google mentor Rajeev Motwani http://bit.ly/LwOUR tip @techmeme,2
You guys see this?  Why does Time Warner have to suck so much ass?  Really wish I could get U-Verse at my apartment. http://bit.ly/s594j,0
I want a driverless car so bad.,4
@marymayblood I would love to come help unpack   Let me know where I need to be Sat afternoon!,4
"8:28 AM - The driverless cars take us to the wrong spot. @DustyEyesSEM says, ""Damn Robots."" I agree. We board a bus. #DelucchiDoesGoogle",0
how the fuck is watching a video on a driverless car going to make me a better driver?,0
"@nick_carter you are my IDOL, i love you!  you should reply to me.. &lt;3",4
 like continental's chicken feat fairs,2
@wordwhizkid Lebron is a beast... nobody in the NBA comes even close.,4
[#MLUC09] Customer Innovation Award Winner: Booz Allen Hamilton -- http://ping.fm/c2hPP,4
my dentist was wrong... WRONG,0
#WFTB Joining a bit late. My connection was down (boo time warner),0
Gratitude is a great multiplier. Giving thanks and appreciating all we have opens doors for us to have more. ,4
@evelynbyrne have you tried Nike  ? V. addictive.,4
@deepbluesealove I was never an early morning person so I really didnt have anything to get over ,4
Kobe is the best in the world not lebron .,0
"@united Great, thank you!",4
i hate the dentist....who invented them anyways?,0
@yayfuckbuddies haha I would but you won't ,0
"Boo! The kitchen fucked up my dinner order, they didn't give me french fries I think. Unless I didn't see them or someone took em  fail!",0
Oh yay...I can't wait to get rear ended by one of Google's driverless cars.....who will I sue???? http://t.co/glUJ68aD0J,0
BaseballAmerica.com: Blog: Baseball America Prospects Blog ? Blog ... http://bit.ly/EtT8a,2
"It's got to be nice to be Ted Wells. There's steady work when you're the #NFL's go to guy for investigations.

#DeflateGate",2
Should nott be up this early  fuckk me,0
Naive Bayes using EM for Text Classification. Really Frustrating...,0
Going to the dentist later.:|,0
@erickoston That looks an awful lot like one of Nike's private jets....I'm just sayin....,2
SOOO DISSAPOiNTED THEY SENT DANNY GOKEY HOME... YOU STiLL ROCK ...DANNY ... MY HOMETOWN HERO !! YEAH MiLROCKEE!!,4
@Plip Where did you read about tethering support Phil?  Just AT&amp;T or will O2 be joining in?,2
"â€œ:   I thought it was a self-driving car?!?!â€&lt; must be a manual override by a ""Type A""",2
goodnight all &lt;3 goin to bed gotta get up early and get the fuck out of town tomorrow  canada here  I come,4
I'm truly braindead.  I couldn't come up with Warren Buffet's name to save my soul,2
"Watching a programme about the life of Hitler, its only enhancing my geekiness of history.",2
Blink by malcolm gladwell amazing book and The tipping point!,4
"Although today's keynote rocked, for every great announcement, AT&amp;T shit on us just a little bit more.",0
@united looks like today will be my 6th consecutive delayed flight from you...do I win a prize??? @Southwest Air why don't you fly to SBA? 😭,0
"So, Night at the Museum 2 was AWESOME! Much better than part 1. Next weekend we'll see Up.",4
@Fraggle312 oh those are awesome! i so wish they weren't owned by nike :(,0
"@mitzs hey bud :) np I do so love my 50D, although I'd love a 5D mkII more",4
obviously not siding with Cheney here: http://bit.ly/19j2d,0
I'm moving to East Palo Alto!,4
had a really good day    off to do some shoppping,4
New blog post: Nike Zoom LeBron Soldier 3 (III) - White / Black - Teal http://bit.ly/rouUS,2
@Cookcj I love reading your tweets but it would be nice to see your lovely mug when I read them. Where's your picture? ,4
"Driverless cars!?!?!?!?, I don't think so!! What about all of the rest of crazed &amp; drunk drivers on the road in our society today !??ðŸ™âœŒï¸ðŸŒŽðŸ’«ðŸ‡ºðŸ‡¸",0
Night at the Museum tonite instead of UP. :( oh well. that 4 yr old better enjoy it. LOL,0
GOT MY WAVE SANDBOX INVITE! Extra excited! Too bad I have class now... but I'll play with it soon enough! #io2009 #wave,4
Share: Disruption...Fred Wilson's slides for his talk at Google HQ  http://bit.ly/Bo8PG,2
saw night at the museum out of sheer desperation. who is funding these movies?,0
Warren Buffet on the economy http://ping.fm/Lau0p,2
reading on my new Kindle2!,4
Fuzzball is more fun than AT&amp;T ;P http://fuzz-ball.com/twitter,0
"dearest @google, you rich bastards! the VISA card you sent me doesn't work. why screw a little guy like me?",0
@accannis @edog1203 Great Stanford course. Thanks for making it available to the public! Really helpful and informative for starting off!,4
"@united Thanks, ^KP. Please also mention the Quiche breakfast and Tandoori chicken dinner entrees and accompaniments are truly First Class.",4
"#Durham Driverless car causes crash in NC, two people injured - http://t.co/Oz48xG2bX4 http://t.co/sgdLDH1PJF #dur @DurhamNC_",0
"Awesome viral marketing for ""Funny People"" http://www.nbc.com/yo-teach/",4
I just extracted and open-sourced a jQuery plugin from Stormweight to highlight text with a regular expression: http://bit.ly/ybJKb,2
"Lounging around, eating Taco Bell and watching NCIS before work tonight. Need help staying awake.",2
"My wrist still hurts. I have to get it looked at. I HATE the dr/dentist/scary places. :( Time to watch Eagle eye. If you want to join, txt!",4
"fuck, school tommorow ",0
"Want it!! ""@ForbesLife:  self-driving Rinspeed XchangE could redefine life behind the wheel. http://t.co/v6z6JpZX0B http://t.co/BYCRJL6B5H""",4
The ever amazing Psyop and Goodby Silverstein &amp; Partners for HP! http://bit.ly/g2rU8 Have to go play with After Effects now!,4
Absolutely hilarious!!! from @mashable:  http://bit.ly/bccWt,4
:   Obama works as Patriots ball boy. Nothing he loves more than deflating a Patriots balls. #De…,2
@freitasm oh I see. I thought AT&amp;T were 900MHz WCDMA?,2
 and I just saw the google car!  /vkougcNg,2
my exam went good. @HelloLeonie: your prayers worked (:,4
â€œ@edasneak: Who the hell would want a driverless car. I love to driveâ€ ðŸ™‹ðŸ™‹ I would.,0
"This is cold.. I was looking at google's chart//visualization API and found this jQuery ""wrapper"" for the API...  http://tinyurl.com/mq52bq",2
@ash_CT Aw dont you love that  I love for those days! Thanks about the pic ;-p,4
jQuery Cheat Sheet http://www.javascripttoolbox.com/jquery/cheatsheet/,2
fuck. Lidelle is my favorite ,0
@united Sivi Stewart at Lax was fantastic tonight helping to find a lost item for us at the airport.  Much thanks!,4
Ahh...got rid of stupid time warner today &amp; now taking a nap while the roomies cook for me. Pretty good end for a monday :),0
Lakers played great!  Cannot wait for Thursday night Lakers vs. ???,4
@google is making driverless cars which is awesome http://t.co/t2hW30KzcX,4
"@united on a good note, the 2 employees I encountered @ Newark were fabulous. I was very Late Flight for my connecting flight and they got me on!!!",4
jQuery UI 1.6 Book Review - http://cfbloggers.org/?c=30631,2
@apple Contact sync between Yosemite and iOS8 is seriously screwed up. It used to be much more stable in the past. #icloud #isync,0
"@legalgeekery Yeahhhhhhhhh, I wouldn't really have lived in East Palo Alto if I could have avoided it.  I guess it's only for the summer.",0
San Francisco today.  Any suggestions?,2
All-Star Basketball Classic Tuesday Features Top Talent: Chattanooga's Notre Dame High School will play host.. http://bit.ly/qltJA,2
I'm going to press the play button!! Wait no I'm not :( @apple fix your apps http://t.co/eteewIIjrO,0
NOOOOOOO my DVR just died and I was only half way through the EA presser. Hate you Time Warner,0
Time Warner cable phone reps r dumber than nails!!!!! UGH! Cable was working 10 mins ago now its not WTF!,0
Malcolm Gladwell is a genius at tricking people into not realizing he's a fucking idiot,0
And so a down day on the market...happy my stocks held up ,4
"@JonathanRKnight Hi Jon! Great to hear from you! See you on the cruise, I cannot wait! Hope all is well on the Knight bus!  You are loved!",4
 Just left #LaGuardia now...#Sunshine in a little over 2 hours,2
"@tweetshrink Hah, yea, I suppose ;)  And I love the customer service!! ",4
KOBE IS GOOD BT LEBRON HAS MY VOTE,4
Sony coupon code.. Expires soon.. http://www.coupondork.com/r/1796,2
"NVIDIA Names Stanford's Bill Dally Chief Scientist, VP Of Research http://bit.ly/Fvvg9",2
@surfit: I just checked my google for my business- blip shows up as the second entry! Huh. Is that a good or ba... ? http://blip.fm/~6emhv,2
"Nike owns NBA Playoffs ads w/ LeBron, Kobe, Carmelo? http://ow.ly/7Uiy  #Adidas #Billups #Howard  #Marketing #Branding",2
@Rebecca1158 goodnight. ,4
It is a shame about GM. What if they are forced to make only cars the White House THINKS will sell? What do you think?,0
"with the boyfriend, eating a quesadilla",2
Reading the tweets coming out of Iran... The whole thing is terrifying and incredibly sad...,0
"@sketchbug Lebron is a hometown hero to me, lol I love the Lakers but let's go Cavs, lol",4
Why the hell is Pelosi in freakin China? and on whose dime?,0
Shit's hitting the fan in Iran...craziness indeed #iranelection,0
"So fucking sick. No worries, chug on m'son! You have things to do and places to be... ",0
I'm hungry and I want IHOP now!  Bullfuck!,0
And then there was the time  discovered the potential value of self-driving cars: /CReH1CGZYV,2
"Wet hair + No Hair Dryer =  ... Dry fucker, DRY!!!",0
"My dad was in NY for a day, we ate at MESA grill last night and met Bobby Flay. So much fun, except I completely lost my voice today.",4
"'Next time, I'll call myself Nike'",2
@criticalpath Such an awesome idea - the  continual learning program with a Kindle2  http://bit.ly/1ZLfF,4
 unfortunately not. I think I watched it take off from the bus. Rebooked for a Late Flightr flight now #planestrainsandautomobiles,2
Just saw the new Night at the Museum movie...it was...okay...lol 7\10,2
@betzitall Wall-E is a great battle for stress.   Yay for staying up all night and doing homework together!,4
"Talk is Cheap: Bing that, I?ll stick with Google. http://bit.ly/XC3C8",0
"Algebra homework. On a Saturday, whatta great fucking day. Someone entertain me. PLEASE. ",0
"@spinuzzi: Has been a bit crazy, with steep learning curve, but LyX is really good for long docs. For anything shorter, it would be insane.",4
@CTesdahl well you can always digg or stumble...both have aided me greatly in wasting countless hours of my life ,4
The day I never have to deal with Comcast again will rank as one of the best days of my life.,0
wish i could catch every mosquito in the world n burn em slowly.they been bitin the shit outta me 2day.mosquitos are the assholes of insects,0
Stopped to have lunch at McDonalds. Chicken Nuggetssss! :) yummmmmy.,4
"SUPER INVESTORS: A great weekend read here from Warren Buffet. Oldie, but a goodie. http://tinyurl.com/oqxgga",4
@boomboxhearts  i'm having dinner with (older) friends in like 3 hours.  fuck i'm so sorry to be shit. can't believe i've missed you ,0
